{"Solution 1": {"accuracy": 0.969, "inference": 5.791948556900024, "params": {"epochs": 6, "r": 2, "no_of_conv_kernels": 64, "secondary_capsule_vector": 30, "dense_1": 512, "dense_2": 1280, "epsilon": 0.06984051817644943, "m_plus": 0.9308378073428614, "m_minus": 0.08463246267126437, "lambda_": 0.3917326625529395, "alpha": 0.00036148192357237177, "no_of_primary_capsules": 32, "primary_capsule_vector": 8, "no_of_secondary_capsules": 10}}, "Solution 2": {"accuracy": 0.972, "inference": 8.59756088256836, "params": {"epochs": 6, "r": 3, "no_of_conv_kernels": 64, "secondary_capsule_vector": 18, "dense_1": 768, "dense_2": 1536, "epsilon": 0.049108593219471836, "m_plus": 0.9, "m_minus": 0.08672767647476945, "lambda_": 0.47331700029642393, "alpha": 0.008233474738871214, "no_of_primary_capsules": 32, "primary_capsule_vector": 8, "no_of_secondary_capsules": 10}}, "Solution 3": {"accuracy": 0.968, "inference": 5.740169286727905, "params": {"epochs": 6, "r": 2, "no_of_conv_kernels": 64, "secondary_capsule_vector": 22, "dense_1": 4, "dense_2": 1024, "epsilon": 0.021742989769652776, "m_plus": 0.925297759320833, "m_minus": 0.07121712983808101, "lambda_": 0.49600723161213334, "alpha": 0.00976411262630151, "no_of_primary_capsules": 32, "primary_capsule_vector": 8, "no_of_secondary_capsules": 10}}, "Solution 4": {"accuracy": 0.93, "inference": 5.719805479049683, "params": {"epochs": 2, "r": 2, "no_of_conv_kernels": 64, "secondary_capsule_vector": 6, "dense_1": 4, "dense_2": 1024, "epsilon": 0.0538858369099812, "m_plus": 0.94444033536598, "m_minus": 0.16575505871465002, "lambda_": 0.8868812816930471, "alpha": 0.0001, "no_of_primary_capsules": 32, "primary_capsule_vector": 8, "no_of_secondary_capsules": 10}}}