{"accuracy": [0.7783203125, 0.900390625, 0.9375, 0.96484375, 0.978515625, 0.984375, 0.994140625, 0.9970703125, 0.998046875], "precision": [0.8137331902950693, 0.9030638651790666, 0.9386124165940787, 0.9650784366609307, 0.9789120256672206, 0.9845453677585463, 0.9942492340686274, 0.9971086090686274, 0.9980851715686274], "recall": [0.7783203125, 0.900390625, 0.9375, 0.96484375, 0.978515625, 0.984375, 0.994140625, 0.9970703125, 0.998046875], "f1": [0.7711875951900229, 0.8998300345814776, 0.9372796831623952, 0.9648351912612358, 0.9785054091143377, 0.9843497727997115, 0.9941506389729581, 0.997075281100112, 0.9980515311770161], "loss": [0.8081552572548389, 0.3185315756127238, 0.18984975758939981, 0.12734722113236785, 0.08748156251385808, 0.0648380781058222, 0.047943860408850014, 0.037152168806642294, 0.030667090322822332], "val_accuracy": [0.68359375, 0.8125, 0.90234375, 0.93359375, 0.9453125, 0.951171875, 0.951171875, 0.947265625, 0.958984375], "val_precision": [0.7177219555613612, 0.8237442255240696, 0.9072726946667736, 0.938187277391373, 0.9501198598854849, 0.9530863534731654, 0.9543162795936923, 0.9499476497022493, 0.9612023273238846], "val_recall": [0.68359375, 0.8125, 0.90234375, 0.93359375, 0.9453125, 0.951171875, 0.951171875, 0.947265625, 0.958984375], "val_f1": [0.6643975320226563, 0.8107061826497146, 0.9016648121051075, 0.9338658375006695, 0.945802865249222, 0.9513268442196061, 0.9514090576466265, 0.94719169123974, 0.9592527799153356], "val_loss": [0.5010776687413454, 0.28100789058953524, 0.20501564722508192, 0.15901107108220458, 0.13103188248351216, 0.11650184169411659, 0.10823144111782312, 0.10491388384252787, 0.09733442566357553]}