{"accuracy": [0.8046875, 0.8974609375, 0.9482421875, 0.96484375, 0.9833984375, 0.9873046875, 0.9931640625, 0.994140625, 0.9970703125, 0.998046875], "precision": [0.8213710533810229, 0.9028898397718782, 0.9491521734037711, 0.9660370551913149, 0.9836695417959603, 0.9875264098058085, 0.9932497919375447, 0.994207206153231, 0.9971181832107843, 0.9980851715686274], "recall": [0.8046875, 0.8974609375, 0.9482421875, 0.96484375, 0.9833984375, 0.9873046875, 0.9931640625, 0.994140625, 0.9970703125, 0.998046875], "f1": [0.8003497923077043, 0.8969228221109777, 0.9481400067617146, 0.964904234128359, 0.9833834578670904, 0.9873017578340147, 0.9931725944481539, 0.9941445244677672, 0.9970747057998188, 0.9980515311770161], "loss": [0.007249862886965275, 0.002789976540952921, 0.001739715225994587, 0.0011598990531638265, 0.0008479017415083945, 0.0005994180683046579, 0.00045186784700490534, 0.0003656516782939434, 0.0002782410301733762, 0.00021973530238028616]}