{"accuracy": [0.759765625, 0.900390625, 0.9462890625, 0.970703125, 0.982421875, 0.9892578125, 0.9921875, 0.9951171875, 0.99609375, 0.998046875], "precision": [0.8021956492012233, 0.904679696168855, 0.9467450671429922, 0.9710449424506911, 0.982573838340221, 0.9894255063083919, 0.9922700914502143, 0.9951854032628675, 0.9961523916207107, 0.9980851715686274], "recall": [0.759765625, 0.900390625, 0.9462890625, 0.970703125, 0.982421875, 0.9892578125, 0.9921875, 0.9951171875, 0.99609375, 0.998046875], "f1": [0.7544356585197597, 0.8994972510886154, 0.9462311815591984, 0.9706937902281054, 0.98240894162276, 0.9892766776119348, 0.9921900751353832, 0.995121499309428, 0.9961037197355653, 0.9980515311770161], "loss": [0.0078518595546484, 0.002954524476081133, 0.0017347628017887473, 0.0011280779726803303, 0.0007977333734743297, 0.0006072655087336898, 0.00045118521666154265, 0.0003632463631220162, 0.00029385683592408895, 0.00022747207549400628]}