{"accuracy": [0.7451171875, 0.8984375, 0.947265625, 0.96484375, 0.9853515625, 0.9912109375, 0.9931640625, 0.99609375, 0.9970703125, 0.99609375], "precision": [0.8077809197714308, 0.8994951521111295, 0.9475529224833016, 0.9653029131074996, 0.9855375517475149, 0.9913048431864111, 0.9932367715648157, 0.9961495602433046, 0.9971181832107843, 0.9961416207107843], "recall": [0.7451171875, 0.8984375, 0.947265625, 0.96484375, 0.9853515625, 0.9912109375, 0.9931640625, 0.99609375, 0.9970703125, 0.99609375], "f1": [0.7348972481165283, 0.8979824931752484, 0.9471639899379775, 0.9648005754392777, 0.9853657784115882, 0.991214523341957, 0.9931515513324372, 0.996092799919463, 0.9970747057998188, 0.996092663546004], "loss": [0.8036619983613491, 0.3076929831877351, 0.18440928542986512, 0.11616824194788933, 0.07963018724694848, 0.056431267876178026, 0.044767826329916716, 0.03502587787806988, 0.027587273507378995, 0.02219291345681995], "val_accuracy": [0.638671875, 0.826171875, 0.908203125, 0.927734375, 0.94921875, 0.947265625, 0.94921875, 0.953125, 0.94921875, 0.951171875], "val_precision": [0.7091220275387119, 0.8305386359662387, 0.9141975093490953, 0.9310472725266254, 0.9516598099002056, 0.9493458687915293, 0.9502606498117855, 0.9545357708502843, 0.950456345010341, 0.9520582996040617], "val_recall": [0.638671875, 0.826171875, 0.908203125, 0.927734375, 0.94921875, 0.947265625, 0.94921875, 0.953125, 0.94921875, 0.951171875], "val_f1": [0.602688094143042, 0.8249648639786437, 0.9084618133112494, 0.9275001287010405, 0.9492843870501052, 0.9474549329439673, 0.9492909006040777, 0.9532095523483118, 0.9492303245087859, 0.9511893975411966], "val_loss": [0.4753914661705494, 0.28406267520040274, 0.196556793525815, 0.1533259404823184, 0.12587123783305287, 0.11929619358852506, 0.10805460624396801, 0.10475357994437218, 0.09720468078739941, 0.09594044531695545]}