{"accuracy": [0.7998046875, 0.8857421875, 0.9453125, 0.96875, 0.9765625, 0.986328125, 0.9912109375, 0.9951171875, 0.9970703125, 0.9990234375], "precision": [0.816794750459834, 0.8883394906065131, 0.9464576191498175, 0.9690242502033269, 0.9769060880813955, 0.9865757996629014, 0.9913118125928837, 0.9951854032628675, 0.9971181832107843, 0.9990331064356436], "recall": [0.7998046875, 0.8857421875, 0.9453125, 0.96875, 0.9765625, 0.986328125, 0.9912109375, 0.9951171875, 0.9970703125, 0.9990234375], "f1": [0.7947503092997066, 0.8842086689268623, 0.9451221158745877, 0.9687167158914767, 0.9764953306544293, 0.9863241040957684, 0.9912135613383306, 0.995121499309428, 0.9970747057998188, 0.9990234375000001], "loss": [0.007673170417547226, 0.003017398528754711, 0.001820205245167017, 0.001196676748804748, 0.0008600959554314613, 0.0006039286963641644, 0.0004621526750270277, 0.00034733719076029956, 0.00027398642851039767, 0.00022242202248889953], "val_accuracy": [0.685546875, 0.82421875, 0.904296875, 0.935546875, 0.939453125, 0.9453125, 0.955078125, 0.94921875, 0.9453125, 0.947265625], "val_precision": [0.707394176907534, 0.8282890712977649, 0.9074534871628624, 0.9379395453916031, 0.9417977948064581, 0.9485238298975437, 0.9570248893796307, 0.9513077905828272, 0.94575228017455, 0.9487246257541774], "val_recall": [0.685546875, 0.82421875, 0.904296875, 0.935546875, 0.939453125, 0.9453125, 0.955078125, 0.94921875, 0.9453125, 0.947265625], "val_f1": [0.6709736086139076, 0.8215691125129061, 0.9033798540694379, 0.9354396967685097, 0.9393539039027955, 0.9451419005060732, 0.9551517637990521, 0.9490032793796603, 0.9450931319084357, 0.9471946737409564], "val_loss": [0.004534577019512653, 0.002730122534558177, 0.0019957784097641706, 0.0014959762338548899, 0.0012861872091889381, 0.0011393323075026274, 0.0010545211844146252, 0.001015728572383523, 0.0009942874312400818, 0.0009378250106237829]}