{"accuracy": [0.7626953125, 0.89453125, 0.935546875, 0.9619140625, 0.9765625, 0.9853515625, 0.9931640625, 0.994140625, 0.99609375, 0.9970703125], "precision": [0.8048840341341155, 0.9048963678253423, 0.9379981478079629, 0.9625136745717675, 0.9768326349003764, 0.9857715328696326, 0.9932542061368398, 0.9942307686368398, 0.9961523916207107, 0.9971086090686274], "recall": [0.7626953125, 0.89453125, 0.935546875, 0.9619140625, 0.9765625, 0.9853515625, 0.9931640625, 0.994140625, 0.99609375, 0.9970703125], "f1": [0.7571582648314418, 0.894141772207723, 0.9353206490470162, 0.9619032132728917, 0.9765933828064627, 0.9853757649718383, 0.9931713250169163, 0.9941535215094581, 0.9961037197355653, 0.997075281100112], "loss": [0.007956966757774353, 0.003153176512569189, 0.0019749675411731005, 0.0013226409209892154, 0.0009252444724552333, 0.0006853450904600322, 0.000529198267031461, 0.00041359596070833504, 0.0003276891366112977, 0.0002670271205715835], "val_accuracy": [0.666015625, 0.796875, 0.884765625, 0.923828125, 0.94140625, 0.947265625, 0.951171875, 0.95703125, 0.953125, 0.953125], "val_precision": [0.7273933251336109, 0.8182316210683073, 0.892339293002926, 0.9262651171161449, 0.9463033780204297, 0.9481533223867308, 0.9533778537272533, 0.9586061616909619, 0.9556353619771067, 0.9550721262018932], "val_recall": [0.666015625, 0.796875, 0.884765625, 0.923828125, 0.94140625, 0.947265625, 0.951171875, 0.95703125, 0.953125, 0.953125], "val_f1": [0.6452395406311582, 0.794806079819342, 0.8844987761575624, 0.9234407163093684, 0.9418493910125105, 0.9471792822366698, 0.9513358973418142, 0.9572383209907905, 0.9533858032899155, 0.953361123357138], "val_loss": [0.004775611683726311, 0.0028587838169187307, 0.002116739982739091, 0.0016166293062269688, 0.0013575140619650483, 0.0012258419301360846, 0.0011225088965147734, 0.0010356457205489278, 0.0010206783190369606, 0.001007571816444397]}