{"accuracy": [0.7548828125, 0.880859375, 0.9482421875, 0.9716796875, 0.9833984375, 0.98828125, 0.9912109375, 0.9970703125, 0.998046875, 0.998046875], "precision": [0.797581910998165, 0.888783973111102, 0.9492196398681393, 0.9721897690418648, 0.9836000541388304, 0.988431215146609, 0.9913935870572187, 0.9971086090686274, 0.9980851715686274, 0.9980851715686274], "recall": [0.7548828125, 0.880859375, 0.9482421875, 0.9716796875, 0.9833984375, 0.98828125, 0.9912109375, 0.9970703125, 0.998046875, 0.998046875], "f1": [0.747056930553414, 0.8792855732109378, 0.9482259651441609, 0.9717088640343265, 0.9833713968151113, 0.9882919240488318, 0.9912221086888672, 0.9970748839721415, 0.9980515311770161, 0.9980515311770161], "loss": [0.007834750227630138, 0.0030733696185052395, 0.0018322624964639544, 0.0012342703994363546, 0.0008726264932192862, 0.0006565481307916343, 0.00047840867773629725, 0.0003773220523726195, 0.0002999071730300784, 0.00023915233032312244]}