{"Solution 1": {"accuracy": 0.831, "inference": 5.847907781600952, "params": {"epochs": 5, "r": 2, "no_of_conv_kernels": 64, "secondary_capsule_vector": 23, "dense_1": 512, "dense_2": 1280, "epsilon": 0.06536751478506397, "m_plus": 0.9610727085202659, "m_minus": 0.05080941061339454, "lambda_": 0.37564367342446414, "alpha": 0.0001, "no_of_primary_capsules": 32, "primary_capsule_vector": 8, "no_of_secondary_capsules": 10}}, "Solution 2": {"accuracy": 0.847, "inference": 5.898322105407715, "params": {"epochs": 6, "r": 2, "no_of_conv_kernels": 128, "secondary_capsule_vector": 30, "dense_1": 768, "dense_2": 1024, "epsilon": 0.0794282127237031, "m_plus": 0.9442510685018113, "m_minus": 0.1466670018431871, "lambda_": 0.737218653355542, "alpha": 0.0018687745260917512, "no_of_primary_capsules": 32, "primary_capsule_vector": 8, "no_of_secondary_capsules": 10}}, "Solution 3": {"accuracy": 0.848, "inference": 8.874733448028564, "params": {"epochs": 7, "r": 3, "no_of_conv_kernels": 32, "secondary_capsule_vector": 49, "dense_1": 768, "dense_2": 1792, "epsilon": 0.051166721666987734, "m_plus": 0.988963847712348, "m_minus": 0.18787690512896432, "lambda_": 0.5861864990322154, "alpha": 0.002744543986615108, "no_of_primary_capsules": 32, "primary_capsule_vector": 8, "no_of_secondary_capsules": 10}}, "Solution 4": {"accuracy": 0.823, "inference": 5.815885305404663, "params": {"epochs": 5, "r": 2, "no_of_conv_kernels": 128, "secondary_capsule_vector": 32, "dense_1": 768, "dense_2": 1536, "epsilon": 0.033604893709529814, "m_plus": 0.9567360449693328, "m_minus": 0.13723448740078792, "lambda_": 0.5766078378121564, "alpha": 0.0016651671053788477, "no_of_primary_capsules": 32, "primary_capsule_vector": 8, "no_of_secondary_capsules": 10}}}