{"Solution 1": {"accuracy": 0.963, "inference": 5.7944066524505615, "params": {"epochs": 5, "r": 2, "no_of_conv_kernels": 64, "secondary_capsule_vector": 3, "dense_1": 512, "dense_2": 768, "epsilon": 0.06472258135644172, "m_plus": 0.99, "m_minus": 0.05, "lambda_": 0.644494822433101, "alpha": 0.004018297655158762, "no_of_primary_capsules": 32, "primary_capsule_vector": 8, "no_of_secondary_capsules": 10}}, "Solution 2": {"accuracy": 0.967, "inference": 5.804931402206421, "params": {"epochs": 6, "r": 2, "no_of_conv_kernels": 128, "secondary_capsule_vector": 36, "dense_1": 4, "dense_2": 1536, "epsilon": 0.05789418203246947, "m_plus": 0.9253021594589113, "m_minus": 0.1672030248536241, "lambda_": 0.24504084008349092, "alpha": 0.007734151853719881, "no_of_primary_capsules": 32, "primary_capsule_vector": 8, "no_of_secondary_capsules": 10}}, "Solution 3": {"accuracy": 0.969, "inference": 5.832522630691528, "params": {"epochs": 5, "r": 2, "no_of_conv_kernels": 128, "secondary_capsule_vector": 15, "dense_1": 128, "dense_2": 7, "epsilon": 0.0026424349954505457, "m_plus": 0.9580266910499946, "m_minus": 0.07739292754912655, "lambda_": 0.4257558058831118, "alpha": 0.0009511171885132393, "no_of_primary_capsules": 32, "primary_capsule_vector": 8, "no_of_secondary_capsules": 10}}, "Solution 4": {"accuracy": 0.953, "inference": 5.77222204208374, "params": {"epochs": 3, "r": 2, "no_of_conv_kernels": 32, "secondary_capsule_vector": 44, "dense_1": 4, "dense_2": 512, "epsilon": 0.02275852263572632, "m_plus": 0.931920841598911, "m_minus": 0.11906565134777941, "lambda_": 0.6346614273708501, "alpha": 0.002295667580612764, "no_of_primary_capsules": 32, "primary_capsule_vector": 8, "no_of_secondary_capsules": 10}}, "Solution 5": {"accuracy": 0.973, "inference": 8.606261730194092, "params": {"epochs": 7, "r": 3, "no_of_conv_kernels": 32, "secondary_capsule_vector": 16, "dense_1": 512, "dense_2": 1280, "epsilon": 0.1, "m_plus": 0.9659007600579887, "m_minus": 0.15589068076268214, "lambda_": 0.9192887526246432, "alpha": 0.006049877195903315, "no_of_primary_capsules": 32, "primary_capsule_vector": 8, "no_of_secondary_capsules": 10}}, "Solution 6": {"accuracy": 0.904, "inference": 5.770549535751343, "params": {"epochs": 4, "r": 2, "no_of_conv_kernels": 3, "secondary_capsule_vector": 19, "dense_1": 768, "dense_2": 1792, "epsilon": 0.06525088650384607, "m_plus": 0.9397797228892537, "m_minus": 0.15565582395836258, "lambda_": 0.30863642730409535, "alpha": 0.0020701098146340157, "no_of_primary_capsules": 32, "primary_capsule_vector": 8, "no_of_secondary_capsules": 10}}}