{"accuracy": [0.8173828125, 0.8896484375, 0.9453125, 0.9697265625, 0.984375, 0.990234375, 0.9931640625, 0.9951171875, 0.99609375, 0.9970703125], "precision": [0.8293188153712301, 0.8926750349281277, 0.9469088924881377, 0.9698862310542712, 0.9845802218720638, 0.9903717459489805, 0.9932497919375447, 0.9951854032628675, 0.9961523916207107, 0.9971086090686274], "recall": [0.8173828125, 0.8896484375, 0.9453125, 0.9697265625, 0.984375, 0.990234375, 0.9931640625, 0.9951171875, 0.99609375, 0.9970703125], "f1": [0.8127184927464524, 0.8878578144428201, 0.9451179646676021, 0.9696729670006533, 0.9843723388665427, 0.9902493252222977, 0.9931725944481539, 0.995121499309428, 0.9961037197355653, 0.9970748839721415], "loss": [0.0072380416095256805, 0.0027591129764914513, 0.0016907659592106938, 0.0011565345339477062, 0.0008253437117673457, 0.0006038174033164978, 0.0004612429765984416, 0.0003540696925483644, 0.00027599226450547576, 0.0002203913900302723]}