{"Solution 1": {"accuracy": 0.971, "inference": 5.8087358474731445, "params": {"epochs": 7, "r": 2, "no_of_conv_kernels": 128, "secondary_capsule_vector": 14, "dense_1": 512, "dense_2": 1792, "epsilon": 0.08598441189442271, "m_plus": 0.9172400868411709, "m_minus": 0.1559125646500961, "lambda_": 0.4587218289222823, "alpha": 0.008547045030183935, "no_of_primary_capsules": 32, "primary_capsule_vector": 8, "no_of_secondary_capsules": 10}}, "Solution 2": {"accuracy": 0.973, "inference": 11.664128541946411, "params": {"epochs": 7, "r": 4, "no_of_conv_kernels": 128, "secondary_capsule_vector": 20, "dense_1": 512, "dense_2": 1792, "epsilon": 0.09496934751348354, "m_plus": 0.9064846337431329, "m_minus": 0.2, "lambda_": 0.5743905108066758, "alpha": 0.00452135346259928, "no_of_primary_capsules": 32, "primary_capsule_vector": 8, "no_of_secondary_capsules": 10}}}