{"accuracy": [0.933, 0.9713333333333334, 0.9863333333333333, 0.989, 0.993, 0.9946666666666667, 0.995, 0.9966666666666667, 0.9976666666666667, 0.9983333333333333], "loss": [0.42078616097569466, 0.1153784804046154, 0.0698863877914846, 0.050860841292887926, 0.03878192510455847, 0.028837568243034184, 0.022219827224034816, 0.01613036001799628, 0.011100638948846608, 0.007751271914457902], "val_accuracy": [0.895, 0.955, 0.964, 0.966, 0.967, 0.974, 0.97, 0.975, 0.97, 0.969], "val_loss": [0.19848279189318419, 0.11005551787093282, 0.0900428625755012, 0.08022086112760007, 0.07047817925922573, 0.06613711011596024, 0.06030342192389071, 0.05868691951036453, 0.056773010874167085, 0.050950568402186036]}