{"Solution 1": {"accuracy": 0.775390625, "inference": 0.015668693464249372, "params": {"epochs": 7.0, "epsilon": 0.02350612443853871, "m_plus": 0.9355236325582269, "m_minus": 0.17549626858619488, "lambda_": 0.6706068874405312, "alpha": 0.0001, "r": 3.0}}, "Solution 2": {"accuracy": 0.76171875, "inference": 0.0104897222481668, "params": {"epochs": 6.0, "epsilon": 0.03816984669400007, "m_plus": 0.9584877152469523, "m_minus": 0.10204359603887797, "lambda_": 0.14897324077711674, "alpha": 0.00886195945224421, "r": 2.0}}, "Solution 3": {"accuracy": 0.783203125, "inference": 0.020579101517796516, "params": {"epochs": 8.0, "epsilon": 0.03977504864322369, "m_plus": 0.9689581493513775, "m_minus": 0.14966605149209533, "lambda_": 0.9801367623942255, "alpha": 0.009179890198627038, "r": 4.0}}, "Solution 4": {"accuracy": 0.767578125, "inference": 0.015604042913764715, "params": {"epochs": 6.0, "epsilon": 0.07945086182880395, "m_plus": 0.9032027461816213, "m_minus": 0.10911948495158298, "lambda_": 0.11431029414267205, "alpha": 0.008286523867256161, "r": 3.0}}}