{"Solution 1": {"accuracy": 0.971, "inference": 11.535489320755005, "params": {"epochs": 6, "r": 4, "no_of_conv_kernels": 128, "secondary_capsule_vector": 31, "dense_1": 128, "dense_2": 1024, "epsilon": 0.062205444107817046, "m_plus": 0.9801242697921213, "m_minus": 0.10824306280434615, "lambda_": 0.37492743183775357, "alpha": 0.008822818996943574, "no_of_primary_capsules": 32, "primary_capsule_vector": 8, "no_of_secondary_capsules": 10}}, "Solution 2": {"accuracy": 0.959, "inference": 5.794544458389282, "params": {"epochs": 5, "r": 2, "no_of_conv_kernels": 128, "secondary_capsule_vector": 37, "dense_1": 512, "dense_2": 512, "epsilon": 0.05002687715170374, "m_plus": 0.9044636280232998, "m_minus": 0.17842728926104828, "lambda_": 0.665672424795046, "alpha": 0.0020691449363278397, "no_of_primary_capsules": 32, "primary_capsule_vector": 8, "no_of_secondary_capsules": 10}}, "Solution 3": {"accuracy": 0.968, "inference": 5.808152675628662, "params": {"epochs": 5, "r": 2, "no_of_conv_kernels": 64, "secondary_capsule_vector": 30, "dense_1": 512, "dense_2": 256, "epsilon": 0.06388487444031177, "m_plus": 0.9067469972580702, "m_minus": 0.15457886351009476, "lambda_": 0.3455413062586428, "alpha": 0.009986521922087085, "no_of_primary_capsules": 32, "primary_capsule_vector": 8, "no_of_secondary_capsules": 10}}, "Solution 4": {"accuracy": 0.315, "inference": 5.789404392242432, "params": {"epochs": 1, "r": 2, "no_of_conv_kernels": 3, "secondary_capsule_vector": 2, "dense_1": 128, "dense_2": 1536, "epsilon": 0.05940210181422667, "m_plus": 0.9086689789504989, "m_minus": 0.09883996446688673, "lambda_": 0.9492659535347899, "alpha": 0.005267136473910756, "no_of_primary_capsules": 32, "primary_capsule_vector": 8, "no_of_secondary_capsules": 10}}}