{"accuracy": [0.66015625, 0.7548828125, 0.783203125, 0.8193359375, 0.8408203125, 0.8505859375, 0.8720703125, 0.8837890625, 0.9140625, 0.919921875], "precision": [0.6340391772964512, 0.7690260321276461, 0.8033758297614311, 0.8213184147550546, 0.8432682558554921, 0.8561921816458116, 0.8807340002463664, 0.8917392024888898, 0.9186264696629417, 0.9248109376800738], "recall": [0.66015625, 0.7548828125, 0.783203125, 0.8193359375, 0.8408203125, 0.8505859375, 0.8720703125, 0.8837890625, 0.9140625, 0.919921875], "f1": [0.61207631319946, 0.741483623558959, 0.7682329051530694, 0.8128774214316893, 0.8360513376035487, 0.8395341363671551, 0.8640541506044976, 0.8802554181090844, 0.9123650949315943, 0.9188078964824022], "loss": [0.009211976081132889, 0.0040789637714624405, 0.0029955727513879538, 0.002525054384022951, 0.0023058124352246523, 0.002075641416013241, 0.0018809473840519786, 0.0017043025000020862, 0.0015144066419452429, 0.00139898294582963]}