{"accuracy": [0.6630859375, 0.771484375, 0.783203125, 0.8251953125, 0.826171875, 0.865234375, 0.8828125], "precision": [0.6172799553160054, 0.7743042470747098, 0.7880183180491245, 0.8244528845906616, 0.8432144370975442, 0.8696489619163031, 0.8890123920402717], "recall": [0.6630859375, 0.771484375, 0.783203125, 0.8251953125, 0.826171875, 0.865234375, 0.8828125], "f1": [0.6240028516549718, 0.767865968112947, 0.7738570429864623, 0.8201249895587484, 0.8169848136103279, 0.8632249782581949, 0.8786415998558472], "loss": [0.008681964129209518, 0.003911028616130352, 0.0029332777485251427, 0.002464161952957511, 0.0022098852787166834, 0.001962982350960374, 0.0017786134267225862], "val_accuracy": [0.609375, 0.736328125, 0.74609375, 0.744140625, 0.765625, 0.783203125, 0.791015625], "val_precision": [0.5605306431941965, 0.7292743763503966, 0.7431530280777106, 0.7481069047557054, 0.772462625134368, 0.7865590486291176, 0.787742413268407], "val_recall": [0.609375, 0.736328125, 0.74609375, 0.744140625, 0.765625, 0.783203125, 0.791015625], "val_f1": [0.5645057550263933, 0.7310929386628545, 0.7389092469528823, 0.7399030793913037, 0.7555031995954766, 0.7822738219116216, 0.7866737326788648], "val_loss": [0.004797799047082663, 0.0034750797785818577, 0.003014029236510396, 0.002818899694830179, 0.0026678035501390696, 0.0025464112404733896, 0.0023398902267217636]}