{"accuracy": [0.63671875, 0.724609375, 0.79296875, 0.806640625, 0.8212890625], "precision": [0.6456010468412822, 0.7632861567587205, 0.8004465225014867, 0.8182922081221266, 0.8297732975617539], "recall": [0.63671875, 0.724609375, 0.79296875, 0.806640625, 0.8212890625], "f1": [0.5878439352554576, 0.7030147010813225, 0.7897986887858868, 0.7966930839859216, 0.8139492380322505], "loss": [0.9142509661614895, 0.42897509410977364, 0.30989255756139755, 0.26109511964023113, 0.2332520904019475], "val_accuracy": [0.576171875, 0.69921875, 0.734375, 0.748046875, 0.7578125], "val_precision": [0.6208127324599707, 0.6930498519853988, 0.7373749096604053, 0.7449299959635735, 0.7587726857819548], "val_recall": [0.576171875, 0.69921875, 0.734375, 0.748046875, 0.7578125], "val_f1": [0.5044487515701217, 0.6758234564167995, 0.7326629814070423, 0.7390053166420012, 0.7503777191622479], "val_loss": [0.52408198826015, 0.37536751478910446, 0.3188047558069229, 0.29309329111129045, 0.27014033403247595]}