{"accuracy": [0.6416015625, 0.765625, 0.7900390625, 0.8173828125, 0.8369140625, 0.859375, 0.857421875, 0.90234375, 0.9091796875, 0.92578125], "precision": [0.6966887444295706, 0.7742309744318403, 0.7920188638087765, 0.8261325909010979, 0.8421090164110148, 0.864877933880458, 0.8724656663311818, 0.9035622874555708, 0.9104250912278528, 0.9259272911376403], "recall": [0.6416015625, 0.765625, 0.7900390625, 0.8173828125, 0.8369140625, 0.859375, 0.857421875, 0.90234375, 0.9091796875, 0.92578125], "f1": [0.6087464953054312, 0.7575898590825266, 0.7862347379626592, 0.8110515830052191, 0.8374492194573523, 0.8538070162135298, 0.8506046830065005, 0.9017836302048909, 0.9080167027591303, 0.9249596069352718], "loss": [0.00885696243494749, 0.003933942876756191, 0.002919217571616173, 0.002570708282291889, 0.0022709304466843605, 0.002105632796883583, 0.001873914385214448, 0.001736334408633411, 0.001590014435350895, 0.0014595621032640338]}