{"Solution 1": {"accuracy": 0.939453125, "inference": 3.931804895401001, "params": {"epochs": 6.0, "epsilon": 0.03929551863231843, "m_plus": 0.9441591123747523, "m_minus": 0.13722282122224763, "lambda_": 0.3562414090916467, "alpha": 0.004836579755310622, "r": 2.0}}, "Solution 2": {"accuracy": 0.943359375, "inference": 7.2700982093811035, "params": {"epochs": 4.0, "epsilon": 0.04550057612924259, "m_plus": 0.9518799475081787, "m_minus": 0.12458211552741462, "lambda_": 0.45452788220256257, "alpha": 0.004021467941622799, "r": 4.0}}}