{"Solution 1": {"accuracy": 0.965, "inference": 6.6299567222595215, "params": {"epochs": 4, "r": 2, "no_of_conv_kernels": 128, "secondary_capsule_vector": 40, "dense_1": 128, "dense_2": 1536, "epsilon": 0.05486582415508541, "m_plus": 0.9147251106068102, "m_minus": 0.19315090836495002, "lambda_": 0.10005201771610862, "alpha": 0.006953190705641483, "no_of_primary_capsules": 32, "primary_capsule_vector": 8, "no_of_secondary_capsules": 10}}, "Solution 2": {"accuracy": 0.969, "inference": 6.678404331207275, "params": {"epochs": 5, "r": 2, "no_of_conv_kernels": 64, "secondary_capsule_vector": 6, "dense_1": 256, "dense_2": 512, "epsilon": 0.08411185848750914, "m_plus": 0.9504174153527706, "m_minus": 0.1648052052496743, "lambda_": 0.6831030565866469, "alpha": 0.006858184909559632, "no_of_primary_capsules": 32, "primary_capsule_vector": 8, "no_of_secondary_capsules": 10}}, "Solution 3": {"accuracy": 0.908, "inference": 6.608170747756958, "params": {"epochs": 6, "r": 2, "no_of_conv_kernels": 3, "secondary_capsule_vector": 20, "dense_1": 768, "dense_2": 7, "epsilon": 0.07079379178273043, "m_plus": 0.9793929426638139, "m_minus": 0.0861355806414624, "lambda_": 0.3561169779256219, "alpha": 0.001985135432390735, "no_of_primary_capsules": 32, "primary_capsule_vector": 8, "no_of_secondary_capsules": 10}}, "Solution 4": {"accuracy": 0.971, "inference": 9.842140197753906, "params": {"epochs": 7, "r": 3, "no_of_conv_kernels": 64, "secondary_capsule_vector": 28, "dense_1": 128, "dense_2": 1024, "epsilon": 0.0761969328462516, "m_plus": 0.9685635463159776, "m_minus": 0.07796813826304984, "lambda_": 0.32203511565240606, "alpha": 0.005993373202784323, "no_of_primary_capsules": 32, "primary_capsule_vector": 8, "no_of_secondary_capsules": 10}}, "Solution 5": {"accuracy": 0.956, "inference": 6.624484300613403, "params": {"epochs": 2, "r": 2, "no_of_conv_kernels": 128, "secondary_capsule_vector": 27, "dense_1": 512, "dense_2": 512, "epsilon": 0.0631232954234057, "m_plus": 0.9570394824735714, "m_minus": 0.1865651094792261, "lambda_": 0.3102945305543494, "alpha": 0.007863631644842689, "no_of_primary_capsules": 32, "primary_capsule_vector": 8, "no_of_secondary_capsules": 10}}}