,generation,individual index,training time (s),inference time (ms),accuracy,epochs,r,no_of_conv_kernels,secondary_capsule_vector,epsilon,m_plus,m_minus,lambda_,alpha,no_of_primary_capsules,primary_capsule_vector,no_of_secondary_capsules
0,1,0,17.366315126419067,21.126829385757446,0.775,2,4,32,23,0.04075356208842511,0.9847909213602037,0.12246507106462434,0.9816328619336153,0.0036621061170406546,32,8,10
1,1,1,23.264030933380127,20.553399324417114,0.89,5,4,32,17,0.06255497959968173,0.9614288379306659,0.13608712056226918,0.6428897674383088,0.002361226027905016,32,8,10
2,1,2,23.34161615371704,21.758264303207397,0.865,5,4,32,17,0.06255497959968173,0.9614288379306659,0.13608712056226918,0.6428897674383088,0.002361226027905016,32,8,10
3,2,0,23.313775777816772,20.152904987335205,0.91,5,4,32,17,0.06255497959968173,0.9614288379306659,0.13608712056226918,0.6428897674383088,0.002361226027905016,32,8,10
4,2,1,17.574220657348633,21.416771411895752,0.74,2,4,32,23,0.04075356208842511,0.9847909213602037,0.12246507106462434,0.9816328619336153,0.0036621061170406546,32,8,10
5,2,0,22.774659872055054,20.704981088638306,0.885,5,4,32,17,0.06255497959968173,0.9614288379306659,0.13608712056226918,0.6428897674383088,0.002361226027905016,32,8,10
6,2,1,18.03654909133911,21.721590757369995,0.73,2,4,32,23,0.04075356208842511,0.9847909213602037,0.12246507106462434,0.9816328619336153,0.0036621061170406546,32,8,10
