{"Solution 1": {"accuracy": 0.08, "inference": 0.010357860565185548, "params": {"epochs": 4.0, "r": 2.0, "no_of_conv_kernels": 128.0, "secondary_capsule_vector": 18.0, "epsilon": 0.08681510589611424, "m_plus": 0.9518120567436552, "m_minus": 0.08047898084026484, "lambda_": 0.7045067806026227, "alpha": 0.006660149207101162}}, "Solution 2": {"accuracy": 0.948, "inference": 0.010623370170593262, "params": {"epochs": 3.0, "r": 2.0, "no_of_conv_kernels": 32.0, "secondary_capsule_vector": 33.0, "epsilon": 0.05883188577524213, "m_plus": 0.9179066729109523, "m_minus": 0.16482065292249104, "lambda_": 0.7129180892496013, "alpha": 0.0056094217181342}}, "Solution 3": {"accuracy": 0.958, "inference": 0.020701119899749754, "params": {"epochs": 3.0, "r": 4.0, "no_of_conv_kernels": 128.0, "secondary_capsule_vector": 25.0, "epsilon": 0.09671883891798792, "m_plus": 0.977116968133849, "m_minus": 0.0876523383992028, "lambda_": 0.3729956987114764, "alpha": 0.0036438174667762155}}}