{"Solution 1": {"accuracy": 0.953125, "inference": 5.675232172012329, "params": {"epochs": 5.0, "epsilon": 0.05802773218214239, "m_plus": 0.9026370486388448, "m_minus": 0.05606354990371717, "lambda_": 0.6510640730586538, "alpha": 0.0024940127407382683, "r": 2.0}}, "Solution 2": {"accuracy": 0.9453125, "inference": 5.3899149894714355, "params": {"epochs": 5.0, "epsilon": 0.069567156154152, "m_plus": 0.9763556985185515, "m_minus": 0.17124604203242638, "lambda_": 0.3252953206047693, "alpha": 0.005277943797230046, "r": 2.0}}, "Solution 3": {"accuracy": 0.9609375, "inference": 10.835277795791626, "params": {"epochs": 7.945805477259777, "epsilon": 0.041616342589832364, "m_plus": 0.9075628941072512, "m_minus": 0.05409280011295582, "lambda_": 0.3024044357835628, "alpha": 0.0010422464330524233, "r": 4.0}}}