{"Solution 1": {"accuracy": 0.953125, "inference": 0.010179843753576279, "params": {"epochs": 8.0, "r": 2.0, "no_of_conv_kernels": 32.0, "secondary_capsule_vector": 22.0, "epsilon": 0.0931281387690956, "m_plus": 0.9259358055063321, "m_minus": 0.1641302142189024, "lambda_": 0.6073297424718691, "alpha": 0.009110262286939617}}}