{"Solution 1": {"accuracy": 0.896484375, "inference": 5.454330205917358, "params": {"epochs": 2.0, "epsilon": 0.04396850897725275, "m_plus": 0.9735049784973449, "m_minus": 0.10520161634637776, "lambda_": 0.861614730544054, "alpha": 0.006966142902110898, "r": 2.0}}, "Solution 2": {"accuracy": 0.955078125, "inference": 8.177206039428711, "params": {"epochs": 7.0, "epsilon": 0.1, "m_plus": 0.9106826717037543, "m_minus": 0.07486185489862215, "lambda_": 0.3587018449597835, "alpha": 0.0009610380086155002, "r": 3.0}}}