{"Solution 1": {"accuracy": 0.9453125, "inference": 0.005373687744140625, "params": {"epochs": 7.0, "epsilon": 0.0947299196793775, "m_plus": 0.923801097556742, "m_minus": 0.14968884485670436, "lambda_": 0.8767845829638741, "alpha": 0.0001, "r": 4.0}}, "Solution 2": {"accuracy": 0.927734375, "inference": 0.0038828635215759277, "params": {"epochs": 4.0, "epsilon": 0.0775483123631962, "m_plus": 0.9663077239404928, "m_minus": 0.1001741974705247, "lambda_": 0.13295857263460303, "alpha": 0.0039842034359483525, "r": 2.0}}}