{"Solution 0": {"accuracy": 0.689453125, "inference": 7.987508058547974, "params": {"epochs": 1.0, "epsilon": 0.09466318221813744, "m_plus": 0.9617163584380364, "m_minus": 0.15569745513908256, "lambda_": 0.7340377171562666, "alpha": 0.008975882262138291, "r": 3.0}}}