{"Solution 1": {"accuracy": 0.973, "inference": 5.777838468551636, "params": {"epochs": 6, "r": 2, "no_of_conv_kernels": 64, "secondary_capsule_vector": 13, "dense_1": 4, "dense_2": 7, "epsilon": 0.08742299226403732, "m_plus": 0.9456846674693228, "m_minus": 0.14031781581101938, "lambda_": 0.5465632334721983, "alpha": 0.0006352825328991005, "no_of_primary_capsules": 32, "primary_capsule_vector": 8, "no_of_secondary_capsules": 10}}, "Solution 2": {"accuracy": 0.905, "inference": 5.736764430999756, "params": {"epochs": 1, "r": 2, "no_of_conv_kernels": 64, "secondary_capsule_vector": 22, "dense_1": 768, "dense_2": 7, "epsilon": 0.04178673793591667, "m_plus": 0.9, "m_minus": 0.0721021020909832, "lambda_": 0.42950453854996784, "alpha": 0.00904723984847511, "no_of_primary_capsules": 32, "primary_capsule_vector": 8, "no_of_secondary_capsules": 10}}, "Solution 3": {"accuracy": 0.968, "inference": 5.75051212310791, "params": {"epochs": 6, "r": 2, "no_of_conv_kernels": 64, "secondary_capsule_vector": 48, "dense_1": 512, "dense_2": 768, "epsilon": 0.08426009801282039, "m_plus": 0.9187115502366907, "m_minus": 0.2, "lambda_": 0.9441542885833635, "alpha": 0.009125587789845879, "no_of_primary_capsules": 32, "primary_capsule_vector": 8, "no_of_secondary_capsules": 10}}, "Solution 4": {"accuracy": 0.969, "inference": 5.773069381713867, "params": {"epochs": 6, "r": 2, "no_of_conv_kernels": 128, "secondary_capsule_vector": 13, "dense_1": 256, "dense_2": 1792, "epsilon": 0.0010563985169929453, "m_plus": 0.9, "m_minus": 0.06938092166595072, "lambda_": 0.5294375658648036, "alpha": 0.000983641717464556, "no_of_primary_capsules": 32, "primary_capsule_vector": 8, "no_of_secondary_capsules": 10}}, "Solution 5": {"accuracy": 0.931, "inference": 5.7488179206848145, "params": {"epochs": 2, "r": 2, "no_of_conv_kernels": 32, "secondary_capsule_vector": 24, "dense_1": 256, "dense_2": 1024, "epsilon": 0.04176405696289174, "m_plus": 0.99, "m_minus": 0.05559083748236774, "lambda_": 0.24953542666444012, "alpha": 0.004170159218276842, "no_of_primary_capsules": 32, "primary_capsule_vector": 8, "no_of_secondary_capsules": 10}}, "Solution 6": {"accuracy": 0.877, "inference": 5.730689525604248, "params": {"epochs": 3, "r": 2, "no_of_conv_kernels": 3, "secondary_capsule_vector": 47, "dense_1": 128, "dense_2": 512, "epsilon": 0.1, "m_plus": 0.933001652522102, "m_minus": 0.07004994545605407, "lambda_": 0.6880236205871744, "alpha": 0.003511145271050501, "no_of_primary_capsules": 32, "primary_capsule_vector": 8, "no_of_secondary_capsules": 10}}}