{"Solution 1": {"accuracy": 0.965, "inference": 6.2357306480407715, "params": {"epochs": 5, "r": 2, "no_of_conv_kernels": 128, "secondary_capsule_vector": 49, "dense_1": 128, "dense_2": 1280, "epsilon": 0.014874215510371554, "m_plus": 0.9158437658560039, "m_minus": 0.19129798103538942, "lambda_": 0.14203037382705, "alpha": 0.005701981346628453, "no_of_primary_capsules": 32, "primary_capsule_vector": 8, "no_of_secondary_capsules": 10}}, "Solution 2": {"accuracy": 0.969, "inference": 6.28584623336792, "params": {"epochs": 5, "r": 2, "no_of_conv_kernels": 64, "secondary_capsule_vector": 31, "dense_1": 4, "dense_2": 256, "epsilon": 0.010835001275996434, "m_plus": 0.9382120483764863, "m_minus": 0.10478594621073864, "lambda_": 0.5580263179216544, "alpha": 0.009416634742941436, "no_of_primary_capsules": 32, "primary_capsule_vector": 8, "no_of_secondary_capsules": 10}}, "Solution 3": {"accuracy": 0.97, "inference": 9.46520733833313, "params": {"epochs": 6, "r": 3, "no_of_conv_kernels": 128, "secondary_capsule_vector": 34, "dense_1": 128, "dense_2": 1280, "epsilon": 1e-07, "m_plus": 0.943423843083876, "m_minus": 0.1557840711315136, "lambda_": 0.3303802058766916, "alpha": 0.007180548235051261, "no_of_primary_capsules": 32, "primary_capsule_vector": 8, "no_of_secondary_capsules": 10}}}