{"Solution 1": {"accuracy": 0.961, "inference": 6.302728176116943, "params": {"epochs": 4, "r": 2, "no_of_conv_kernels": 128, "secondary_capsule_vector": 21, "dense_1": 512, "dense_2": 512, "epsilon": 0.028260355549259476, "m_plus": 0.9760870534395889, "m_minus": 0.15549756855748642, "lambda_": 0.10986019672353792, "alpha": 0.01, "no_of_primary_capsules": 32, "primary_capsule_vector": 8, "no_of_secondary_capsules": 10}}, "Solution 2": {"accuracy": 0.972, "inference": 6.33319091796875, "params": {"epochs": 6, "r": 2, "no_of_conv_kernels": 128, "secondary_capsule_vector": 7, "dense_1": 768, "dense_2": 1792, "epsilon": 0.013853651423853135, "m_plus": 0.9392223795556615, "m_minus": 0.17863386888153665, "lambda_": 0.6625412053374811, "alpha": 0.006813614033745918, "no_of_primary_capsules": 32, "primary_capsule_vector": 8, "no_of_secondary_capsules": 10}}}