{"accuracy": [0.9246666666666666, 0.9696666666666667, 0.985, 0.989], "loss": [0.546523742377758, 0.2763640135526657, 0.2284713787958026, 0.20947763696312904], "val_accuracy": [0.896, 0.95, 0.959, 0.965], "val_loss": [0.35777001176029444, 0.28141012880951166, 0.25618562940508127, 0.24847481399774551]}