{"accuracy": [0.0166015625], "precision": [0.00027561187744140625], "recall": [0.0166015625], "f1": [0.0005422220220941403], "loss": [0.031737614423036575]}