{"Solution 1": {"accuracy": 0.95703125, "inference": 2.989468574523926, "params": {"epochs": 6.0, "epsilon": 0.06111101312211628, "m_plus": 0.9607910079664612, "m_minus": 0.15673505699812673, "lambda_": 0.4342908200011699, "alpha": 0.009097033906453203, "r": 2.0}}}