{"Solution 1": {"accuracy": 0.963, "inference": 6.653675079345703, "params": {"epochs": 5, "r": 2, "no_of_conv_kernels": 64, "secondary_capsule_vector": 17, "dense_1": 4, "dense_2": 768, "epsilon": 0.04034397957598762, "m_plus": 0.9128731656200523, "m_minus": 0.18761262311345045, "lambda_": 0.2836043682265358, "alpha": 0.004567612372524457, "no_of_primary_capsules": 32, "primary_capsule_vector": 8, "no_of_secondary_capsules": 10}}, "Solution 2": {"accuracy": 0.972, "inference": 6.716807126998901, "params": {"epochs": 9, "r": 2, "no_of_conv_kernels": 32, "secondary_capsule_vector": 44, "dense_1": 768, "dense_2": 1792, "epsilon": 0.04535986600724144, "m_plus": 0.9555236531617393, "m_minus": 0.12417032487146473, "lambda_": 0.1789376544183186, "alpha": 0.0031514100883876465, "no_of_primary_capsules": 32, "primary_capsule_vector": 8, "no_of_secondary_capsules": 10}}}