{"accuracy": [0.568359375, 0.7509765625, 0.7841796875, 0.8193359375, 0.822265625, 0.8369140625, 0.873046875, 0.876953125, 0.8955078125, 0.91015625], "precision": [0.5563437646735405, 0.7556003001795241, 0.7917173338266359, 0.8230712065614567, 0.8391054460200713, 0.8580721544859343, 0.8822702564575745, 0.8921625556199798, 0.9045752020064136, 0.9163303700449565], "recall": [0.568359375, 0.7509765625, 0.7841796875, 0.8193359375, 0.822265625, 0.8369140625, 0.873046875, 0.876953125, 0.8955078125, 0.91015625], "f1": [0.5081399075078242, 0.732833584031838, 0.7711967464662376, 0.8084087133824245, 0.8108634859825229, 0.8287138014094465, 0.8664709878527366, 0.871785972627003, 0.8918931445353797, 0.906981186190053], "loss": [0.00973647553473711, 0.004453191999346018, 0.0030982880853116512, 0.00265201972797513, 0.002339733764529228, 0.002090402413159609, 0.001922717783600092, 0.001784882741048932, 0.00161369692068547, 0.0014651177916675806]}