{"accuracy": [0.1083984375, 0.1328125, 0.208984375, 0.2255859375, 0.244140625, 0.283203125, 0.3427734375, 0.400390625, 0.3857421875, 0.40625, 0.47265625, 0.4970703125, 0.52734375, 0.5390625, 0.591796875, 0.5947265625, 0.6474609375, 0.6904296875, 0.7333984375, 0.7626953125], "precision": [0.01289627713022508, 0.07851977512771519, 0.15140046967879328, 0.19479485448785122, 0.31120612953046967, 0.3248815593222454, 0.41173623645370927, 0.4123312768214228, 0.4333317710520183, 0.41846905369054016, 0.4783935156042456, 0.49983661194426493, 0.5343756935950297, 0.5560419793429819, 0.6055955732961873, 0.6226575256116588, 0.6489566254983222, 0.6991277259480394, 0.7474864552358367, 0.7672972847042848], "recall": [0.1083984375, 0.1328125, 0.208984375, 0.2255859375, 0.244140625, 0.283203125, 0.3427734375, 0.400390625, 0.3857421875, 0.40625, 0.47265625, 0.4970703125, 0.52734375, 0.5390625, 0.591796875, 0.5947265625, 0.6474609375, 0.6904296875, 0.7333984375, 0.7626953125], "f1": [0.023050242456896554, 0.04681635061797012, 0.1430626898574419, 0.15419020744486361, 0.17828298619377578, 0.23124108940849009, 0.3174933248927101, 0.3779375352960261, 0.3565825027819206, 0.3952118547323923, 0.45806359149445197, 0.48831055191626443, 0.5221762783746545, 0.5349410490819816, 0.582591013002422, 0.5841894166186532, 0.6412006361994748, 0.686800056797046, 0.733731622555356, 0.7609606252798529], "loss": [0.018859732896089554, 0.008963986299932003, 0.0085421372205019, 0.00824058149009943, 0.007896383292973042, 0.007606336381286383, 0.007195030339062214, 0.00686295609921217, 0.006649527698755264, 0.006501422729343176, 0.0063254632987082005, 0.00594719871878624, 0.005871439352631569, 0.005651467014104128, 0.0053604296408593655, 0.005208740476518869, 0.0050523788668215275, 0.004863432142883539, 0.004659791011363268, 0.004419699311256409]}