{"Solution 1": {"accuracy": 0.967, "inference": 6.455622911453247, "params": {"epochs": 5, "r": 2, "no_of_conv_kernels": 128, "secondary_capsule_vector": 28, "dense_1": 512, "dense_2": 256, "epsilon": 0.032718346473582065, "m_plus": 0.9752763125589023, "m_minus": 0.14967730718933103, "lambda_": 0.6322226126173243, "alpha": 0.009385138481216327, "no_of_primary_capsules": 32, "primary_capsule_vector": 8, "no_of_secondary_capsules": 10}}, "Solution 2": {"accuracy": 0.966, "inference": 6.439266204833984, "params": {"epochs": 5, "r": 2, "no_of_conv_kernels": 64, "secondary_capsule_vector": 40, "dense_1": 4, "dense_2": 7, "epsilon": 0.07148142922579429, "m_plus": 0.934028122499362, "m_minus": 0.07373300312654776, "lambda_": 0.8830419666541691, "alpha": 0.01, "no_of_primary_capsules": 32, "primary_capsule_vector": 8, "no_of_secondary_capsules": 10}}, "Solution 3": {"accuracy": 0.972, "inference": 9.585692644119263, "params": {"epochs": 5, "r": 3, "no_of_conv_kernels": 128, "secondary_capsule_vector": 13, "dense_1": 768, "dense_2": 1024, "epsilon": 0.05454526320042782, "m_plus": 0.9072358875510441, "m_minus": 0.15080484319634269, "lambda_": 0.3846240583490621, "alpha": 0.0059917224756683846, "no_of_primary_capsules": 32, "primary_capsule_vector": 8, "no_of_secondary_capsules": 10}}, "Solution 4": {"accuracy": 0.976, "inference": 9.617542028427124, "params": {"epochs": 5, "r": 3, "no_of_conv_kernels": 128, "secondary_capsule_vector": 36, "dense_1": 4, "dense_2": 768, "epsilon": 0.05645479084278812, "m_plus": 0.9120860278071604, "m_minus": 0.17264758797379876, "lambda_": 0.46948462462555296, "alpha": 0.00744108496170226, "no_of_primary_capsules": 32, "primary_capsule_vector": 8, "no_of_secondary_capsules": 10}}, "Solution 5": {"accuracy": 0.844, "inference": 6.408545970916748, "params": {"epochs": 1, "r": 2, "no_of_conv_kernels": 3, "secondary_capsule_vector": 28, "dense_1": 768, "dense_2": 1792, "epsilon": 0.03597392909844667, "m_plus": 0.917768059704674, "m_minus": 0.17914195214018752, "lambda_": 0.22750175544605467, "alpha": 0.000527194493369055, "no_of_primary_capsules": 32, "primary_capsule_vector": 8, "no_of_secondary_capsules": 10}}, "Solution 6": {"accuracy": 0.946, "inference": 6.4245874881744385, "params": {"epochs": 2, "r": 2, "no_of_conv_kernels": 32, "secondary_capsule_vector": 21, "dense_1": 128, "dense_2": 1792, "epsilon": 1e-07, "m_plus": 0.9085156707403771, "m_minus": 0.17658005268002602, "lambda_": 0.6971559736149062, "alpha": 0.0001, "no_of_primary_capsules": 32, "primary_capsule_vector": 8, "no_of_secondary_capsules": 10}}}