{"Solution 1": {"accuracy": 0.837, "inference": 5.917218446731567, "params": {"epochs": 6, "r": 2, "no_of_conv_kernels": 32, "secondary_capsule_vector": 35, "dense_1": 4, "dense_2": 1536, "epsilon": 0.1, "m_plus": 0.9, "m_minus": 0.16765903294806142, "lambda_": 0.4589027232134779, "alpha": 0.0009414262068815474, "no_of_primary_capsules": 32, "primary_capsule_vector": 8, "no_of_secondary_capsules": 10}}, "Solution 2": {"accuracy": 0.845, "inference": 8.858035564422607, "params": {"epochs": 6, "r": 3, "no_of_conv_kernels": 32, "secondary_capsule_vector": 23, "dense_1": 512, "dense_2": 1536, "epsilon": 0.06873340811077529, "m_plus": 0.97952762136624, "m_minus": 0.17133883962545798, "lambda_": 0.9989151570515847, "alpha": 0.005973507857228738, "no_of_primary_capsules": 32, "primary_capsule_vector": 8, "no_of_secondary_capsules": 10}}, "Solution 3": {"accuracy": 0.841, "inference": 5.946616172790527, "params": {"epochs": 6, "r": 2, "no_of_conv_kernels": 128, "secondary_capsule_vector": 12, "dense_1": 768, "dense_2": 1280, "epsilon": 0.029504546757527582, "m_plus": 0.9444747214382394, "m_minus": 0.16942272537198422, "lambda_": 0.4054119890086356, "alpha": 0.008325556595848115, "no_of_primary_capsules": 32, "primary_capsule_vector": 8, "no_of_secondary_capsules": 10}}, "Solution 4": {"accuracy": 0.802, "inference": 5.892102241516113, "params": {"epochs": 7, "r": 2, "no_of_conv_kernels": 3, "secondary_capsule_vector": 43, "dense_1": 4, "dense_2": 256, "epsilon": 0.09620445345142067, "m_plus": 0.99, "m_minus": 0.07703174141464453, "lambda_": 0.8763124960697312, "alpha": 0.007676867284093893, "no_of_primary_capsules": 32, "primary_capsule_vector": 8, "no_of_secondary_capsules": 10}}}