{"Solution 1": {"accuracy": 0.831, "inference": 5.928178071975708, "params": {"epochs": 5, "r": 2, "no_of_conv_kernels": 128, "secondary_capsule_vector": 9, "dense_1": 512, "dense_2": 256, "epsilon": 0.04540110106794959, "m_plus": 0.9139450492943345, "m_minus": 0.17745089559102029, "lambda_": 0.3781388694294183, "alpha": 0.004147756048082438, "no_of_primary_capsules": 32, "primary_capsule_vector": 8, "no_of_secondary_capsules": 10}}, "Solution 2": {"accuracy": 0.842, "inference": 8.891195297241211, "params": {"epochs": 6, "r": 3, "no_of_conv_kernels": 64, "secondary_capsule_vector": 29, "dense_1": 256, "dense_2": 1024, "epsilon": 0.06583745429579393, "m_plus": 0.9392276650312565, "m_minus": 0.14136114628906668, "lambda_": 0.7912091198934109, "alpha": 0.0054616530815609346, "no_of_primary_capsules": 32, "primary_capsule_vector": 8, "no_of_secondary_capsules": 10}}, "Solution 3": {"accuracy": 0.833, "inference": 5.973179340362549, "params": {"epochs": 6, "r": 2, "no_of_conv_kernels": 64, "secondary_capsule_vector": 29, "dense_1": 4, "dense_2": 1024, "epsilon": 0.061286403067147256, "m_plus": 0.9, "m_minus": 0.17694802607374682, "lambda_": 0.8790706931685779, "alpha": 0.007340849570503188, "no_of_primary_capsules": 32, "primary_capsule_vector": 8, "no_of_secondary_capsules": 10}}, "Solution 4": {"accuracy": 0.83, "inference": 5.911341190338135, "params": {"epochs": 6, "r": 2, "no_of_conv_kernels": 64, "secondary_capsule_vector": 21, "dense_1": 768, "dense_2": 1792, "epsilon": 0.07315030763898253, "m_plus": 0.9430146503339779, "m_minus": 0.05718117174345093, "lambda_": 0.331205409458996, "alpha": 0.009796770468215497, "no_of_primary_capsules": 32, "primary_capsule_vector": 8, "no_of_secondary_capsules": 10}}, "Solution 5": {"accuracy": 0.797, "inference": 5.836678504943848, "params": {"epochs": 3, "r": 2, "no_of_conv_kernels": 64, "secondary_capsule_vector": 38, "dense_1": 512, "dense_2": 7, "epsilon": 0.023022692114363627, "m_plus": 0.936668191507735, "m_minus": 0.10199637801823491, "lambda_": 0.380799546269157, "alpha": 0.006246033129627687, "no_of_primary_capsules": 32, "primary_capsule_vector": 8, "no_of_secondary_capsules": 10}}}