{"accuracy": [0.1171875, 0.111328125, 0.17578125, 0.27734375, 0.3173828125, 0.3583984375, 0.4677734375, 0.466796875, 0.5439453125, 0.58984375, 0.6142578125, 0.66015625, 0.6884765625, 0.7138671875, 0.7587890625, 0.79296875, 0.8271484375, 0.8515625, 0.841796875, 0.873046875], "f1": [0.04040563576948465, 0.03755561273501811, 0.11291759973399429, 0.22668499178792972, 0.2858181904659682, 0.3248640399870139, 0.4479475503305119, 0.4524327348558125, 0.5311995151621639, 0.5834679035982145, 0.607216089875192, 0.6589523282374686, 0.6866925317411978, 0.713010454478268, 0.7600643297441628, 0.7934316489610502, 0.8273414215258934, 0.8515945397679229, 0.8434273890978659, 0.8729124090970197], "precision": [0.05898082910883854, 0.22089973668475382, 0.23460680350758842, 0.3089446003476394, 0.3333859591406162, 0.4159804901628958, 0.49767779932800316, 0.5032515776271941, 0.5722993624075263, 0.6041714706033633, 0.6399223178110709, 0.6720804117686897, 0.7131711885389151, 0.7402536699562206, 0.7761419618173699, 0.8065316149872768, 0.8312839968204342, 0.8572473449971726, 0.8610759007901487, 0.8826316563158126], "recall": [0.1171875, 0.111328125, 0.17578125, 0.27734375, 0.3173828125, 0.3583984375, 0.4677734375, 0.466796875, 0.5439453125, 0.58984375, 0.6142578125, 0.66015625, 0.6884765625, 0.7138671875, 0.7587890625, 0.79296875, 0.8271484375, 0.8515625, 0.841796875, 0.873046875], "loss": [0.019664231687784195, 0.008755355142056942, 0.008478746749460697, 0.0079233692958951, 0.0076053207740187645, 0.006994111929088831, 0.0064445785246789455, 0.006185238249599934, 0.005889787804335356, 0.005546891130506992, 0.005324016325175762, 0.005049651954323053, 0.004781545605510473, 0.004619013052433729, 0.004339553415775299, 0.0041222479194402695, 0.003854587906971574, 0.0037465528585016727, 0.0036445779260247946, 0.0034616077318787575]}