{"accuracy": [0.1083984375, 0.1044921875, 0.16015625, 0.2265625, 0.1982421875, 0.2724609375, 0.2734375, 0.3232421875, 0.3330078125, 0.353515625, 0.3671875, 0.3671875, 0.3818359375, 0.431640625, 0.45703125, 0.44921875, 0.494140625, 0.509765625, 0.4990234375, 0.5263671875], "f1": [0.030471297402626406, 0.025542780264924715, 0.08372543530864288, 0.136689690826018, 0.15536445145983888, 0.22093666644765866, 0.2198023723789961, 0.28294864027347966, 0.2915289902205861, 0.3285512449919901, 0.34791460981943473, 0.34107791097933393, 0.3548371956882123, 0.4111643784853204, 0.45150157627896803, 0.42947628940217014, 0.4860475290351232, 0.49843863572808284, 0.4866127157210294, 0.519884486221232], "precision": [0.02170210968693686, 0.02950314792230451, 0.2036920638394213, 0.182520915613563, 0.22793750513041547, 0.30731860246962284, 0.2406853593279642, 0.3485661990980105, 0.3422907124224178, 0.3881262606947654, 0.3923022602517293, 0.4337173268347023, 0.42389100090316023, 0.4673154004031065, 0.4553180674257028, 0.4731216368437199, 0.49944725715033206, 0.5183722348306128, 0.5310281284099694, 0.5394199218020255], "recall": [0.1083984375, 0.1044921875, 0.16015625, 0.2265625, 0.1982421875, 0.2724609375, 0.2734375, 0.3232421875, 0.3330078125, 0.353515625, 0.3671875, 0.3671875, 0.3818359375, 0.431640625, 0.45703125, 0.44921875, 0.494140625, 0.509765625, 0.4990234375, 0.5263671875], "loss": [0.019217852503061295, 0.008964812383055687, 0.008510002866387367, 0.008190770633518696, 0.007859538309276104, 0.007782871834933758, 0.007527305744588375, 0.00735871959477663, 0.007033369969576597, 0.006965707056224346, 0.006822406779974699, 0.006798180751502514, 0.006667228881269693, 0.006471073720604181, 0.006331305950880051, 0.006261030677706003, 0.00609037047252059, 0.005996205378323793, 0.005857444833964109, 0.005691824946552515]}